Person 1,Person 2,Start Date
Joseph Blackwell,Dr. Michael Wilson MD,2008-06-26
April Chavez,Brady Cabrera,2006-10-09
William Hayes,Matthew Medina,2001-09-08
Jennifer Arias,Ryan Craig,1999-09-01
Michael Munoz,Holly Hawkins,1981-09-23
Troy Oneill,Jason Davis,2006-12-27
Alicia Pruitt,Jared Harvey,2008-06-04
Matthew Clark,Holly Hawkins,2003-05-16
Daniel Sullivan,Brandon Castillo,2006-09-29
Christopher Morgan,Savannah Dorsey,1990-12-01
Ryan Harris,Anna Hicks,1999-01-21
Jeffrey Lutz,Joel Valencia,1991-01-26
Thomas Gibson,Angel Murray,1977-09-19
Anthony Saunders,Johnny Schultz,1974-03-04
Miss Virginia Charles,Eric Klein,1997-03-23
Martin Sullivan,Candice Rowe,2008-11-16
Tara Wilson,Howard Jones,1973-07-17
Lisa Heath,April Chavez,2022-06-15
Nathan Wood,Travis Lamb,1975-12-31
Heather Caldwell,Joe Scott,1991-08-02
Samuel Torres,Michael Johnson,2012-06-06
Joshua Sullivan,Ryan Clark,1973-12-17
Sandra Holder,Troy Oneill,2021-01-17
Lisa Duke,Katherine Reed,1996-05-23
Ryan Baird,Robert Gray MD,1979-08-24
Tammy Patel,Ryan Harris,1979-06-04
Jesse Hogan,Jonathan Smith,2004-03-11
Timothy Nelson,Martin Sullivan,2006-03-03
Candice Rowe,James Lawson,1996-01-04
Teresa Acosta,Daisy Brewer,1989-09-16
Walter Vargas,Timothy Lynch,1989-07-16
Timothy Nelson,Kimberly Tate,1977-04-03
Matthew Medina,Kimberly Tate,1977-06-11
Linda Sexton,Christopher Ballard,1998-03-28
Sherri Melendez,Roger Roberts,1984-10-29
Madison Curtis,Jessica Hendrix,2010-03-31
Savannah Dorsey,Laura Copeland,2011-07-10
Savannah Dorsey,Michael Munoz,2005-01-22
Dr. Michael Wilson MD,Darin Williams,2006-04-15
Darin Williams,Seth Perkins,2007-02-21
Daisy Brewer,Tina Solis,1975-04-20
Deanna Burnett,Christopher Morgan,1980-06-27
Brady Cabrera,Lisa Heath,2000-06-28
Melanie Simon,Cory Grant DDS,2007-09-09
Kelly Fox,Ian George,1988-05-22
Sarah Wood,Tara Wilson,1974-02-15
Jacqueline Leach,Michael Munoz,2009-07-27
Ryan Clark,Aaron Solis,1979-03-30
Rodney Mack,Tara Wilson,1986-05-31
Jonathan Smith,Jay Taylor,2002-11-30
Darin Williams,Christopher Morgan,1976-10-28
Christopher Taylor,Steven Snyder,2006-05-18
Kimberly White,Adam Douglas,1977-01-04
Joseph Blackwell,David Johnson,1983-03-07
Travis Lamb,Tammy Patel,2014-11-21
Sharon Cabrera,William Mcclure,2023-06-03
Steven Evans,Robin Woods,1977-11-08
Adam Douglas,Daniel Sullivan,1978-12-14
Terry Willis,Jennifer Evans,1992-08-12
Timothy Lynch,Ashley Young,2011-06-01
Brenda Torres,Christopher Singleton,1974-08-19
Dr. John Hart Jr.,Tara Wilson,1981-07-31
Alexander Lowe,April Chavez,1999-06-29
Jamie Hill,Shannon Snyder,2009-08-26
Michael Johnson,Thomas Gibson,1993-11-14
Ryan Craig,Lisa Brown,1985-06-26
Briana Ramos,Michael Griffith,2021-09-30
Dr. Michael Wilson MD,Michael Munoz,1989-07-22
Rebecca Roberts,Adam Douglas,1981-11-22
Peggy Kerr,Crystal Escobar,1980-01-04
Jamie Hill,Roger Roberts,1986-03-19
Jenna Cantu,Amanda Kerr,1998-09-14
David Barnes,Heidi Sanchez,2014-10-05
Daniel Sullivan,Yvonne Tucker,1977-10-13
April Chavez,Johnny Schultz,1983-02-26
Charles Burns,Heather Caldwell,1976-09-23
Donald Lopez,Crystal Jones,1980-03-02
Christopher Valencia,Donald Lopez,2009-08-24
Brady Cabrera,William Hayes,1982-12-21
Ryan Craig,Ryan Baird,1976-09-07
Sherri Melendez,Jenna Cantu,2007-12-16
Jenna Eaton,Sarah Holmes,2018-12-19
Elizabeth Scott,Shelley Whitaker,2011-02-06
Daniel Rosales,David Thompson,2002-01-17
Matthew Clark,Linda Sexton,1999-10-03
Daniel Morgan,Benjamin Garrison,2003-11-20
Angel Murray,William Mcclure,2014-06-22
Michael Reyes DVM,Melvin Sloan,1974-06-04
Timothy Lynch,Leslie Price,1984-03-25
Briana Turner,Anne Morton,1996-06-23
Haley Cunningham,Savannah Salazar,2018-12-13
Timothy Nelson,Linda Sexton,1986-06-15
Lisa Brown,Joe Scott,2001-10-11
Walter Vargas,Michael Munoz,1999-07-22
Anna Hicks,Ryan Harris,1991-12-15
Tiffany Gonzalez,Sarah Wood,2014-11-28
Larry Flores,Joseph Deleon,1974-05-26
Larry Flores,Robin Harris,1987-06-23
Brian Price,David Barnes,2005-09-14
Emma Wise,Linda Arnold,1995-11-22
Christopher Ballard,Steven Carr,2019-04-24
Ashley Kelly,Samuel Torres,2000-12-12
Robert Johnson,John Young,1987-07-05
Robert Harris,Jonathan Smith,1999-05-03
Devin Jones,Darin Williams,1987-02-25
Barbara Coleman,Sheila Gonzales,2014-04-06
Walter Vargas,Brady Cabrera,1993-03-04
Robert Harris,Tina Solis,1985-05-01
Erica Chang,Kenneth Stokes,1987-03-01
Madison Curtis,Sarah Wood,2012-02-27
Jill Jordan,Holly Hawkins,2006-08-24
Christopher Morgan,Jenna Cantu,1979-11-27
Shawn Powers,Crystal Jones,1976-01-27
Candice Rowe,Haley Cunningham,1991-01-29
Michael Reyes DVM,Shelley Whitaker,2001-06-18
Joel Valencia,Samuel Flores,1993-08-03
Andrew Thompson,Brandon Castillo,2002-07-26
Brendan Flores,Joseph Blackwell,1994-07-05
Kimberly White,Shawn Powers,2016-07-18
David Johnson,Jamie Hill,2000-04-14
Michael Griffith,Rodney Gray,2012-07-12
Carla Cruz,Rebecca Roberts,2002-01-04
Yvonne Tucker,Shane Sullivan,2012-06-04
Terry Willis,Linda Arnold,2009-11-08
Savannah Dorsey,Christopher Morgan,2013-10-31
Jacqueline Leach,Robert Harris,2001-12-29
Angel Murray,Robert Johnson,1994-09-07
Danielle Diaz,Lisa Brown,2002-03-10
William Mcclure,Kristin Diaz,1976-09-20
Alicia Pruitt,Brandon Castillo,1999-12-16
Erica Chang,Brandon Castillo,2010-01-20
Carla Cruz,William Mcclure,1983-11-16
Brian Price,Anthony Saunders,1991-08-29
Sharon Cabrera,Kimberly White,2006-12-15
Jennifer Arias,Teresa Acosta,1995-10-30
Alexander Lowe,Matthew Medina,1991-06-19
Shelley Whitaker,Crystal Jones,2023-06-24
Carla Cruz,Matthew Medina,2016-01-15
Teresa Owen,Jay Taylor,2000-01-22
Howard Jones,Yvonne Tucker,2016-10-18
Timothy Baldwin,Robert Gray MD,2012-03-18
Tiffany Gonzalez,Kimberly White,1980-12-28
Theodore Kidd,Timothy Lynch,2018-09-08
Pamela Sanchez,James Garcia,1997-02-08
Samuel Flores,Jay Taylor,2021-09-12
Rodney Gray,Elizabeth Scott,2006-04-20
Zachary Schmidt,Heather Caldwell,1986-10-07
Dean Hernandez,Dr. Michael Wilson MD,1980-07-16
Jennifer Arias,Jenna Eaton,1989-03-13
Savannah Salazar,Savannah Dorsey,2011-05-07
Christopher Taylor,Steven Snyder,2011-04-24
David Thompson,Lisa Heath,1987-12-27
Scott Schmidt,Howard Jones,2004-12-27
Peggy Kerr,Kenneth Stokes,1981-08-29
Michael Johnson,Kathryn Simon,1985-12-02
Joe Scott,Carla Cruz,2015-03-06
Joe Scott,Richard Velasquez,1998-05-19
William Hayes,Troy Oneill,1978-11-27
Candice Rowe,Heidi Sanchez,2003-03-05
Barbara Coleman,Jill Jordan,1975-12-02
Tanya Gomez,Christopher Ballard,1983-06-04
Samuel Torres,Brenda Torres,2011-01-12
Mark Washington,Joel Valencia,1983-02-04
Erin Oconnor,Linda Arnold,1985-01-01
Theodore Kidd,Shane Sullivan,2018-09-18
Shawn Powers,Timothy Baldwin,2018-03-30
Brian Price,Yvonne Tucker,2008-01-01
Jason Davis,Charles Burns,1998-05-29
Pamela Sanchez,Mary Frederick,2021-04-20
Danielle Brown,Emma Wise,2008-11-30
Tina Solis,Laura Copeland,1999-03-13
Anna Hicks,Alicia Pruitt,1978-06-25
Kelly Fox,Tara Wilson,2005-09-06
James Lawson,Ashley Young,2016-11-03
Jason Simon,Sherri Melendez,1999-07-05
Joel Valencia,Jenna Cantu,1991-02-01
Robin Woods,William Mcclure,2019-09-03
Seth Perkins,Jenna Hart,1982-07-28
Deanna Burnett,Tiffany Gonzalez,2020-03-15
Charles Lucas,Lisa Heath,2004-09-20
Matthew Medina,Hector Sawyer,2018-10-19
Danielle Brown,Heather Caldwell,1979-05-25
Dr. Michael Wilson MD,Barbara Coleman,2002-11-21
Heidi Sanchez,Sean Gallagher,2021-08-15
Kathryn Simon,David Barnes,2006-04-17
Roger Roberts,Joshua Sullivan,2000-01-05
Mrs. Jessica Gates,Danielle Brown,1984-10-12
Samuel Torres,Jared Harvey,1976-04-06
Brendan Flores,Danielle Brown,2018-01-30
James Powers,Shannon Snyder,1990-07-16
Kimberly Daniels,Jill Jordan,2007-10-09
Aaron Massey,Tara Wilson,1974-09-14
Briana Turner,Elizabeth Scott,2020-02-11
Charles Lucas,Michael Griffith,2006-06-13
Ian George,Peggy Kerr,1980-02-10
Jesse Hogan,Corey Mccarthy,2010-02-03
Megan Mora,Rodney Mack,1983-06-28
Tanya Gomez,Jenna Cantu,1979-03-17
David Barnes,Martin Sullivan,2015-04-14
Jenna Eaton,Nathan Wood,1994-10-28
David Johnson,Elizabeth Scott,2020-12-02
Michael Griffith,Sarah Holmes,1990-12-03
Jenna Cantu,Timothy Nelson,2019-05-15
Jennifer Evans,Victoria Martin,2006-08-08
Emily Hale,Charles Lucas,2006-09-01
Dean Hernandez,Howard Jones,2007-04-17
Crystal Jones,Sherri Melendez,2010-06-11
Carla Cruz,Daniel Sullivan,2018-08-07
Beverly Ramirez,Melvin Sloan,1992-01-07
Alicia Pruitt,Danielle Brown,2014-11-01
Christopher Ramirez,Benjamin Garrison,1981-07-23
Ashley Young,Matthew Clark,2020-07-17
Cody Lewis,Jay Taylor,1980-11-25
Daisy Brewer,Jason Simon,1985-11-14
Daniel Rosales,Linda Arnold,2018-07-25
Mrs. Jessica Gates,Robin Woods,2004-12-20
Richard Velasquez,Jennifer Evans,1996-12-05
Melvin Sloan,Savannah Dorsey,1986-03-17
Benjamin Garrison,Theodore Kidd,1981-03-02
Lisa Heath,Danielle Brown,2017-11-02
Andrew Thompson,Alexa Blankenship,2006-05-21
Robert Gray MD,Jamie Hill,1991-04-05
Ryan Garcia,Madison Curtis,1975-04-20
Michael Reyes DVM,Benjamin Garrison,2023-06-05
Rodney Gray,Jim Kirby,1989-02-05
Erica Chang,Barbara Coleman,2020-02-03
Robin Woods,Brendan Flores,2000-11-24
William Hayes,Danielle Diaz,1979-07-22
Megan Robinson,Jenna Hart,1991-04-28
Tiffany Gonzalez,Briana Ramos,2000-11-11
Cody Lewis,Ryan Clark,2003-07-23
Daisy Brewer,Robin Harris,2004-12-30
Jared Harvey,Richard Velasquez,2004-05-25
Christopher Valencia,Shelley Whitaker,1980-10-30
Ashley Young,Madison Curtis,1987-10-11
Adam Douglas,Jill Jordan,1991-12-07
Zachary Schmidt,Michael Reyes DVM,1977-06-07
Jenna Cantu,Danielle Diaz,1999-10-26
Jim Kirby,Ryan Garcia,2003-04-20
Jason Martinez,Zachary Schmidt,2021-12-25
Erin Oconnor,Robin Woods,2014-05-25
Benjamin Hinton,Steven Carr,1998-05-15
Steven Snyder,David Thompson,1998-10-16
Alexander Lowe,April Chavez,2019-03-06
Madison Curtis,Michael Griffith,1981-01-18
Emma Wise,Howard Jones,1980-05-04
Megan Mora,Dr. Michael Wilson MD,2010-09-01
Linda Case,Theodore Kidd,1975-01-22
Christopher Taylor,Danielle Brown,1978-03-01
Benjamin Garrison,Madison Curtis,2007-03-23
Daniel Rosales,Jacqueline Leach,1998-01-02
Matthew Clark,Seth Perkins,2011-09-16
James Garcia,Crystal Escobar,1980-01-23
David Johnson,Deanna Burnett,1977-06-12
Brenda Torres,Mary Frederick,1998-12-02
Shelley Whitaker,Ashley Young,1979-03-12
Christopher Valencia,Nathan Wood,2002-02-11
James Payne,Seth Perkins,2012-07-18
Brady Cabrera,Robert Harris,1979-11-05
Jeffrey Lutz,Joseph Blackwell,1982-03-22
Linda Arnold,Christopher Morgan,2006-12-31
Jason Simon,Michael Reyes DVM,2016-11-22
Joshua Sullivan,Sarah Holmes,1976-04-06
Seth Perkins,Jason Simon,2021-11-11
Joel Valencia,Matthew Clark,1982-03-09
Dr. John Hart Jr.,Laurie Parker,1980-02-21
Rodney Gray,Beverly Ramirez,2017-07-12
Sharon Cabrera,Christopher Morgan,1990-12-28
Brian Price,Emma Wise,2017-05-27
Sherri Melendez,Brenda Torres,2008-09-01
Tammy Patel,Shannon Snyder,1989-02-08
Pamela Sanchez,Sherri Melendez,1991-12-06
Erica Chang,Scott Schmidt,2015-04-06
Jonathan Smith,Sarah Holmes,1976-02-23
Heidi Sanchez,Holly Hawkins,2019-06-27
Barbara Shields,Emily Hale,2008-12-02
Hector Sawyer,Joshua Sullivan,1985-02-27
Kathryn Simon,Mark Washington,2021-05-11
Holly Hawkins,Steven Evans,2002-03-17
Brady Cabrera,Steven Carr,1979-09-08
Donald Lopez,Cody Mason,2021-12-11
Haley Cunningham,Jacqueline Leach,2000-08-09
Samuel Torres,Eric Klein,1995-09-30
Sherri Melendez,Savannah Salazar,1998-06-18
Walter Vargas,Brenda Torres,2022-09-21
Sharon Cabrera,Holly Hawkins,2009-07-04
Zachary Schmidt,Deanna Burnett,2002-05-09
Daniel Morgan,Robert Gray MD,1997-11-09
Michael Reyes DVM,Shelley Whitaker,1981-10-02
Roger Roberts,James Garcia,1973-07-19
Timothy Baldwin,Anne Morton,1983-03-03
Troy Oneill,Joshua Sullivan,1989-06-08
Jason Davis,Samuel Flores,2020-05-11
Adam Douglas,Holly Hawkins,2004-12-05
Donald Lopez,Erin Oconnor,2003-04-07
Rachel Miller,Cody Lewis,1994-01-05
Jenna Eaton,Megan Robinson,1992-09-06
Hector Sawyer,Katherine Reed,2019-03-24
Aaron Solis,Robert Harris,1997-11-30
Briana Turner,Tara Wilson,1991-05-28
Leslie Price,Jennifer Arias,2007-06-06
Jim Kirby,Zachary Schmidt,2020-02-04
Timothy Baldwin,Dr. Michael Wilson MD,2017-04-02
Joe Scott,Charles Lucas,1982-07-10
Robin Woods,Kimberly Tate,1995-03-27
Dr. Michael Wilson MD,Joe Scott,2002-09-02
Samuel Flores,Thomas Gibson,2015-03-26
Andrew Thompson,Tanya Gomez,2023-03-02
Yvonne Tucker,Benjamin Garrison,1997-02-02
Brian Price,Jessica Hendrix,1991-03-09
Sarah Wood,Matthew Medina,2017-01-06
Laurie Parker,Richard Velasquez,1997-04-06
Jim Kirby,Aaron Solis,2020-01-07
Jeffrey Lutz,Michael Munoz,1994-07-25
Ashley Young,Deanna Burnett,1996-10-21
Dr. John Hart Jr.,Samuel Flores,2019-01-16
Christopher Morgan,Ian George,1983-08-06
Alexander Lowe,Ryan Baird,2020-04-01
Cory Grant DDS,Sharon Cabrera,2000-03-23
Sean Gallagher,Ryan Garcia,2022-02-05
Brandon Castillo,Linda Arnold,1987-02-13
Charles Burns,Yvonne Tucker,1986-02-08
Erin Oconnor,Linda Sexton,1982-01-23
Adam Douglas,Danielle Diaz,2023-03-27
Howard Jones,William Hayes,2021-03-27
April Chavez,Megan Robinson,1986-10-18
Sarah Wood,Linda Arnold,1977-05-13
Heather Caldwell,Walter Vargas,1975-09-22
Eric Klein,Cory Grant DDS,1997-02-19
Kimberly Tate,Megan Mora,2019-11-26
Eric Klein,Melanie Simon,1981-02-21
Mary Frederick,Rodney Gray,2018-10-06
Troy Oneill,Emma Wise,1981-09-05
Brady Cabrera,David Thompson,2003-01-15
Jay Taylor,Amanda Kerr,1977-01-17
Joe Scott,Peggy Kerr,2003-11-23
Zachary Schmidt,Madison Curtis,2002-02-08
Troy Oneill,Jay Taylor,2022-07-22
William Mcclure,Ryan Baird,2022-03-11
Sharon Cabrera,Megan Robinson,2002-02-23
Ryan Baird,Charles Lucas,2006-07-01
Teresa Acosta,Jessica Hendrix,1987-12-24
Jamie Hill,Ashley Young,2022-11-21
Megan Mora,James Garcia,2013-06-06
Anna Hicks,Jenna Hart,2001-10-29
Dean Hernandez,Dr. John Hart Jr.,1995-02-17
Melvin Sloan,Timothy Lynch,1994-06-02
Timothy Nelson,Ashley Young,2018-11-01
Jeffrey Lutz,William Mcclure,2003-05-30
Shane Sullivan,Timothy Baldwin,1978-12-17
Ashley Kelly,James Payne,1978-11-30
Christopher Taylor,Ryan Garcia,1976-05-04
Roger Roberts,Ashley Park,1985-09-27
Jeffrey Lutz,Haley Cunningham,1978-09-03
Walter Vargas,Jesse Hogan,2011-07-25
Candice Rowe,Alexa Blankenship,2006-07-04
Howard Jones,Kenneth Stokes,2007-11-12
Anthony Saunders,Crystal Jones,1993-07-24
Kathryn Simon,Carla Cruz,1996-09-25
Mary Frederick,Jacqueline Leach,1983-01-12
Zachary Schmidt,Melvin Sloan,1988-03-24
Yvonne Tucker,Brandon Castillo,2022-01-18
Beverly Ramirez,Terry Willis,1996-06-04
Ryan Clark,Anna Hicks,2000-05-14
David Johnson,Dr. John Hart Jr.,1991-02-08
Kenneth Stokes,Peggy Kerr,2001-11-25
Cody Lewis,Kimberly Daniels,1987-11-02
Kimberly White,Beverly Ramirez,1974-12-30
Cody Mason,Rodney Gray,1996-09-13
Barbara Coleman,Daisy Brewer,2009-08-19
Timothy Lynch,Jesse Hogan,1988-09-03
Leslie Price,Samuel Torres,2019-04-04
Zachary Schmidt,Kathryn Simon,1984-12-07
Devin Jones,Leslie Price,1984-10-01
Shannon Snyder,Kenneth Stokes,1977-04-30
Michael Johnson,Jeffrey Lutz,1993-09-15
Ryan Clark,Ashley Kelly,1996-03-19
Dean Hernandez,Kenneth Stokes,1992-09-07
Laura Copeland,April Chavez,2016-09-25
Kimberly Daniels,Elizabeth Scott,1991-02-05
Kelly Fox,Rachel Miller,2008-02-19
James Garcia,Madison Curtis,2002-08-07
Nathan Wood,Robert Harris,1994-10-08
Johnny Schultz,Aaron Massey,2016-09-04
April Chavez,Jenna Eaton,1992-08-30
Scott Schmidt,Timothy Baldwin,2013-02-19
Jamie Hill,Jennifer Jones,1997-08-21
Amanda Kerr,David Johnson,2002-07-26
Jessica Hendrix,Ashley Kelly,2000-01-20
Steven Evans,Alicia Pruitt,1992-03-25
Michael Johnson,Ryan Baird,2009-03-20
Peggy Kerr,Jenna Eaton,1978-01-10
Jennifer Arias,Jacqueline Leach,2020-07-04
Ryan Craig,Shane Sullivan,1977-10-07
Jennifer Evans,Heidi Sanchez,2018-06-25
Brenda Torres,Heidi Sanchez,2005-03-25
Eric Klein,Jenna Eaton,2011-08-16
Ian George,Cody Mason,2013-06-04
Sarah Holmes,Kathryn Simon,2002-08-24
Larry Flores,Ryan Garcia,2021-12-03
James Garcia,Megan Mora,1973-10-15
Alexander Lowe,Heidi Sanchez,2016-02-20
Lisa Duke,Crystal Jones,1981-09-08
Sean Gallagher,John Young,2007-05-28
Leslie Price,Heidi Sanchez,2013-08-01
Rebecca Roberts,Peggy Kerr,2015-06-02
David Thompson,Mark Washington,1977-02-27
Emily Hale,Thomas Gibson,1984-04-15
Theodore Kidd,Mary Frederick,1992-05-06
Charles Lucas,Jennifer Evans,2009-03-03
Brady Cabrera,Victoria Martin,1985-12-10
Tara Wilson,Sarah Wood,1984-03-14
Briana Turner,Linda Arnold,1984-06-22
Mary Frederick,Katherine Reed,2004-01-06
Timothy Baldwin,Jim Kirby,2002-01-06
Sandra Holder,Mary Frederick,2009-01-05
Shannon Snyder,Savannah Dorsey,1978-05-09
Tina Solis,Leslie Price,2023-04-21
Ryan Baird,Mary Frederick,2009-06-18
Lisa Heath,Aaron Solis,2007-01-28
Steven Carr,James Garcia,2011-08-04
Angel Murray,Charles Lucas,1989-11-27
Kathryn Simon,Alexander Lowe,1991-03-21
Joseph Blackwell,Timothy Baldwin,2021-03-03
Alicia Pruitt,Emily Martin,2004-09-21
Rachel Miller,Daisy Brewer,1979-02-02
Brendan Flores,Teresa Acosta,1978-08-01
Lisa Brown,Joe Scott,2000-05-18
Shannon Snyder,Sherri Melendez,1984-11-09
Emily Hale,Tanya Gomez,1995-01-15
Barbara Coleman,Cory Grant DDS,2009-08-06
Savannah Dorsey,Roger Roberts,1986-04-04
William Hayes,Devin Jones,2018-06-13
Ashley Park,Alicia Pruitt,1982-04-02
Sarah Wood,Emma Wise,1999-05-21
James Powers,Ryan Clark,2005-05-16
Walter Vargas,Matthew Medina,1977-12-25
Adam Douglas,Jenna Cantu,2022-07-05
Tammy Patel,Jenna Cantu,2009-09-26
Daniel Rosales,Kimberly Daniels,2011-08-06
Ian George,Tanya Gomez,1976-12-14
Dr. Michael Wilson MD,Jonathan Smith,2005-05-24
Alexander Lowe,Matthew Clark,2005-10-06
Jacqueline Leach,Rodney Gray,1996-07-11
Michael Johnson,Michael Munoz,2011-11-06
Teresa Acosta,Tara Wilson,1993-07-04
Christopher Valencia,Steven Carr,2014-04-23
Jason Martinez,Daniel Sullivan,2007-05-06
Laurie Parker,Steven Carr,1991-11-02
Jennifer Arias,Daniel Sullivan,1985-10-13
Nathan Wood,Sheila Gonzales,2007-05-01
Samuel Flores,James Lawson,1978-08-06
Jenna Eaton,Howard Jones,2008-12-26
Kelly Fox,Travis Lamb,1982-01-26
Charles Burns,Mark Washington,1979-01-04
Thomas Gibson,Cody Lewis,1974-05-30
Carla Cruz,Joe Scott,1993-08-16
Seth Perkins,Kevin Morris,2023-05-19
Mary Frederick,Howard Jones,1987-04-08
Mary Frederick,William Hayes,2019-06-26
Rodney Mack,Jason Martinez,1996-11-08
Matthew Clark,Seth Perkins,2020-12-28
Shelley Whitaker,Kristin Diaz,2006-11-29
Larry Flores,Christopher Valencia,1991-01-11
Megan Mora,April Chavez,1976-10-27
Michael Griffith,Heidi Sanchez,2023-07-09
Jesse Hogan,Ryan Harris,2018-01-31
Candice Rowe,James Lawson,2017-07-03
Brian Price,Rachel Miller,2002-07-29
Brian Price,Jamie Hill,1980-06-12
Ryan Garcia,Ryan Clark,2001-03-10
Ashley Park,Barbara Coleman,2013-10-15
Brenda Torres,Holly Hawkins,1999-03-23
Michael Reyes DVM,David Thompson,1987-05-20
Rodney Mack,Richard Velasquez,1997-12-12
Shannon Snyder,Jessica Hendrix,1988-05-09
Christopher Ramirez,Troy Oneill,2006-10-24
Timothy Nelson,Robin Harris,1989-11-14
Beverly Ramirez,Dr. Michael Wilson MD,1988-07-15
Andrew Thompson,Danielle Diaz,1995-07-14
Jim Kirby,Joseph Deleon,1987-05-13
Ashley Kelly,Troy Oneill,1986-02-09
Joe Scott,Dr. John Hart Jr.,2016-10-13
Howard Jones,Jenna Hart,2012-09-25
Larry Flores,Ryan Harris,1978-08-22
Terry Willis,Steven Snyder,1976-11-19
Emily Martin,Erica Chang,1984-01-24
Michael Munoz,James Lawson,1997-07-10
Holly Hawkins,Jim Kirby,1997-11-14
Ryan Craig,Thomas Gibson,2003-08-15
Pamela Sanchez,Daniel Rosales,2008-09-19
Shannon Snyder,Walter Vargas,1988-04-01
Erin Oconnor,Theodore Kidd,2020-10-24
Christopher Ramirez,Michael Munoz,2015-12-13
Samuel Torres,Cory Grant DDS,2015-08-01
Barbara Shields,Teresa Owen,1997-08-30
Charles Burns,Linda Case,1999-12-07
Robert Harris,Steven Carr,1989-10-20
Candice Rowe,Shannon Snyder,2021-02-04
David Johnson,Yvonne Tucker,1987-04-04
Briana Ramos,Lisa Heath,2007-02-10
Anthony Saunders,Cory Grant DDS,2014-04-22
Ashley Park,Carla Cruz,1991-02-05
Corey Mccarthy,John Young,1999-01-04
Benjamin Garrison,Rodney Mack,1986-06-16
Melanie Simon,Jared Harvey,1975-12-21
Jeffrey Lutz,Timothy Lynch,2006-05-20
Ashley Kelly,Linda Sexton,1983-01-13
Jacqueline Leach,Sarah Wood,2002-10-20
Daniel Rosales,Miss Virginia Charles,1976-03-21
Dean Hernandez,Jamie Hill,1983-02-06
Brenda Torres,Kenneth Stokes,1980-03-21
Michael Reyes DVM,Walter Vargas,1993-06-14
Megan Robinson,William Mcclure,2008-08-29
Joshua Sullivan,Andrew Thompson,1996-09-30
Sarah Holmes,Ryan Garcia,1986-10-08
Jason Martinez,Deanna Burnett,2013-10-20
Scott Schmidt,Jennifer Jones,1974-09-24
Rebecca Roberts,Samuel Torres,2003-03-22
Shelley Whitaker,Jenna Eaton,1989-11-16
Anne Morton,David Thompson,1984-02-15
Jonathan Smith,Rodney Mack,1991-09-30
Leslie Price,Ryan Craig,2003-08-04
Emma Wise,Jason Davis,2001-08-28
Larry Flores,Ryan Clark,1980-10-25
James Payne,Brendan Flores,1995-03-10
Mary Frederick,Steven Snyder,2006-09-10
Benjamin Garrison,Ryan Clark,2006-05-07
Tammy Patel,Zachary Schmidt,2010-01-19
Brandon Castillo,Melanie Simon,1988-05-24
Lisa Heath,Christopher Taylor,1983-03-27
Jenna Eaton,Tiffany Gonzalez,1983-07-10
Ashley Kelly,Charles Burns,1986-03-25
Benjamin Garrison,Jared Harvey,2021-04-01
Rodney Mack,Jesse Hogan,2006-03-04
Jay Taylor,James Lawson,1996-02-03
Sandra Holder,Crystal Escobar,1998-06-14
Joel Valencia,Teresa Acosta,2022-01-27
Anne Morton,Dr. John Hart Jr.,2001-01-02
Linda Case,Angel Murray,2010-04-18
Victoria Martin,Timothy Nelson,2006-11-01
Daniel Morgan,Kimberly White,1985-05-11
Jonathan Smith,Mark Washington,1979-07-22
Shane Sullivan,Cory Grant DDS,1976-12-04
Robert Harris,Sandra Holder,2012-03-25
Angel Murray,Kevin Morris,2021-09-28
Charles Lucas,Jacqueline Leach,1979-05-31
Robert Johnson,Mark Washington,1988-06-21
Cody Lewis,David Thompson,2004-11-20
Joshua Sullivan,Ryan Craig,1994-03-14
Hector Sawyer,Timothy Lynch,1979-09-09
Rodney Mack,Steven Carr,2017-09-11
Sarah Wood,Martin Sullivan,1980-10-21
Crystal Escobar,Holly Hawkins,1976-11-15
Joe Scott,Sharon Cabrera,1987-06-04
Jason Simon,David Thompson,1993-04-05
Kelly Fox,Brian Price,1989-10-17
Jason Davis,Michael Reyes DVM,1982-10-30
Jamie Hill,Jason Davis,1994-06-21
Jacqueline Leach,Sheila Gonzales,1983-04-01
Christopher Taylor,Kelly Fox,1982-09-07
Daniel Morgan,James Payne,2005-11-28
David Thompson,Rodney Gray,1996-12-13
Steven Evans,Emily Hale,1998-06-23
Sheila Gonzales,Erica Chang,2002-06-22
Emily Hale,Tammy Patel,2014-06-20
Tammy Patel,Steven Carr,1987-06-13
Ashley Park,Cory Grant DDS,2018-08-20
Shawn Powers,Matthew Clark,2015-08-12
Rachel Miller,Jessica Hendrix,2022-03-19
Angel Murray,Nathan Wood,2020-04-22
Melvin Sloan,David Thompson,2005-10-10
Brandon Castillo,Shelley Whitaker,1992-03-17
Daniel Rosales,Briana Turner,1992-01-21
Michael Griffith,Barbara Coleman,1999-09-30
Christopher Morgan,Robert Johnson,1994-05-27
Cody Lewis,Eric Klein,2014-02-17
Ryan Craig,Teresa Acosta,1987-04-13
Robin Woods,Jenna Eaton,1992-02-25
Jenna Hart,Joseph Deleon,2004-08-31
Ashley Park,Rodney Mack,1977-03-23
Kenneth Stokes,Dr. Michael Wilson MD,1982-01-10
James Payne,Jeffrey Lutz,1982-04-17
Linda Case,William Hayes,2002-09-02
Ryan Harris,Devin Jones,1980-10-06
Howard Jones,James Lawson,2022-03-27
Joseph Blackwell,Donald Lopez,1978-01-18
Howard Jones,Michael Griffith,2009-08-16
Jamie Hill,Tammy Patel,2005-10-29
Anna Hicks,Linda Case,1979-09-06
Jennifer Arias,Barbara Shields,1981-06-04
Matthew Clark,Elizabeth Scott,2013-06-10
Barbara Coleman,Alexa Blankenship,1991-09-23
Alexa Blankenship,Leslie Price,2021-06-11
Brenda Torres,Tammy Patel,1994-12-15
Travis Lamb,Candice Rowe,2010-07-01
Tanya Gomez,Robin Woods,1993-08-31
Miss Virginia Charles,Emily Hale,1978-01-18
Tiffany Gonzalez,Brady Cabrera,2012-06-03
Jeffrey Lutz,Jenna Hart,2002-09-30
Jason Davis,Mary Frederick,1999-03-24
Daniel Morgan,Leslie Price,1980-10-09
Daniel Morgan,Teresa Acosta,1996-05-27
Ashley Park,Candice Rowe,1985-02-14
Matthew Medina,Kevin Morris,1988-02-25
Kristin Diaz,Ryan Garcia,2018-10-31
Robert Harris,Andrew Thompson,1980-08-26
Seth Perkins,Jim Kirby,1977-07-04
Miss Virginia Charles,Sherri Melendez,2004-09-08
Teresa Owen,Walter Vargas,2012-06-30
Zachary Schmidt,Christopher Singleton,2017-09-10
Amanda Kerr,Corey Mccarthy,1999-08-27
Pamela Sanchez,Ashley Young,2009-08-27
Kelly Fox,Martin Sullivan,1982-09-01
Savannah Dorsey,Pamela Sanchez,1997-03-22
Travis Lamb,Linda Case,1980-06-03
Briana Turner,Zachary Schmidt,1997-03-25
Mary Frederick,David Barnes,1994-07-18
Emily Martin,Johnny Schultz,1979-11-01
Barbara Coleman,Erica Chang,1992-07-08
Joshua Sullivan,Teresa Owen,2014-12-24
Terry Willis,Jim Kirby,2021-03-29
Emma Wise,Teresa Owen,2013-01-06
Scott Schmidt,Briana Turner,2010-08-16
Michael Johnson,Candice Rowe,1998-05-15
Matthew Medina,Crystal Escobar,1975-03-03
Lisa Heath,Tina Solis,1999-07-28
Travis Lamb,James Powers,1981-07-03
Alexa Blankenship,Benjamin Garrison,1988-11-16
Christopher Ballard,Lisa Brown,2009-12-18
Joel Valencia,Thomas Gibson,1977-11-15
Joel Valencia,Jason Simon,2007-11-19
Terry Willis,Megan Mora,1987-06-25
Brandon Castillo,Richard Velasquez,2014-12-20
Victoria Martin,Carla Cruz,2014-07-02
Peggy Kerr,Daisy Brewer,2013-01-13
Jenna Cantu,Mary Frederick,1992-08-14
Jenna Cantu,Christopher Singleton,2017-10-31
Sherri Melendez,Melanie Simon,1975-01-17
Sarah Holmes,Jill Jordan,1986-11-12
Alicia Pruitt,Kimberly White,1994-03-30
Troy Oneill,Shannon Snyder,1991-06-21
Sherri Melendez,Charles Lucas,1983-01-04
Robin Woods,Hector Sawyer,2009-04-06
Deanna Burnett,Brian Price,2016-11-10
Christopher Ramirez,Kimberly White,2001-06-16
Michael Munoz,Kimberly White,2016-02-06
Katherine Reed,Robert Johnson,2018-04-07
Angel Murray,Dr. John Hart Jr.,2016-11-26
Jacqueline Leach,Jim Kirby,2001-12-26
Jared Harvey,Thomas Gibson,1980-10-16
Kimberly White,Danielle Diaz,2021-02-27
Joseph Blackwell,Jeffrey Lutz,2017-05-10
Danielle Brown,Carla Cruz,1989-12-04
Cody Lewis,Jennifer Jones,2022-03-17
Jennifer Arias,Emily Martin,1975-11-01
Zachary Schmidt,Crystal Jones,1979-05-12
Heather Caldwell,Sandra Holder,1991-08-28
Robin Harris,John Young,2020-03-28
Briana Turner,Alicia Pruitt,1995-09-25
Erica Chang,Laura Copeland,1991-07-10
Timothy Baldwin,Leslie Price,1983-02-26
Matthew Clark,William Mcclure,2016-03-17
Katherine Reed,Briana Turner,2003-03-11
Matthew Medina,Roger Roberts,1997-10-10
Linda Sexton,Erin Oconnor,1986-11-14
Dr. John Hart Jr.,Ryan Garcia,2006-11-18
Briana Ramos,Jason Davis,2001-09-07
Seth Perkins,Kristin Diaz,1980-11-17
Melvin Sloan,Shawn Powers,2002-02-15
Rachel Miller,Yvonne Tucker,2023-07-12
Samuel Flores,Lisa Heath,1987-03-05
Sheila Gonzales,Jason Martinez,1974-01-25
Holly Hawkins,Brenda Torres,1979-07-18
Danielle Diaz,Ryan Clark,1984-05-20
Anne Morton,Alicia Pruitt,2021-04-11
Donald Lopez,Jill Jordan,2005-07-18
Teresa Acosta,Heather Caldwell,2011-10-14
Jamie Hill,John Young,1999-07-18
Mary Frederick,Teresa Owen,2020-11-11
Aaron Solis,David Johnson,1981-06-25
Robert Harris,Theodore Kidd,2022-11-06
Matthew Medina,Jason Simon,1984-11-17
Ryan Garcia,Michael Munoz,2009-02-10
Miss Virginia Charles,Brian Price,1984-03-01
Briana Turner,Steven Evans,1991-06-28
David Johnson,Seth Perkins,2023-03-18
Kathryn Simon,Briana Ramos,2009-07-11
Kristin Diaz,Kenneth Stokes,2003-01-21
Cory Grant DDS,Brendan Flores,2019-12-23
Teresa Owen,Aaron Massey,1992-03-13
Michael Griffith,Victoria Martin,1981-04-06
Charles Lucas,Shane Sullivan,1988-06-30
Cody Mason,Beverly Ramirez,2021-12-29
Michael Johnson,Alicia Pruitt,2007-09-12
Emily Martin,John Young,1981-12-31
Adam Douglas,Benjamin Hinton,1988-01-20
Sharon Cabrera,Kevin Morris,2007-05-19
Melanie Simon,Jacqueline Leach,2014-10-07
Alexander Lowe,Lisa Heath,2017-10-25
Daisy Brewer,Jay Taylor,1997-08-18
Yvonne Tucker,Michael Reyes DVM,1992-11-26
Candice Rowe,Aaron Massey,1975-03-22
Shane Sullivan,Cory Grant DDS,2000-01-08
Joe Scott,Ryan Garcia,2014-06-05
Jenna Cantu,Ryan Garcia,1978-06-11
Shane Sullivan,Yvonne Tucker,2023-04-08
Lisa Duke,Joel Valencia,2015-12-09
Brian Price,Laura Copeland,1986-11-08
Lisa Heath,Rachel Miller,1975-11-08
Laurie Parker,William Hayes,2007-08-28
Leslie Price,James Powers,2008-06-18
Briana Turner,Mark Washington,1987-09-07
Joseph Blackwell,Tina Solis,1985-07-27
Alicia Pruitt,Thomas Gibson,1976-04-10
Jason Davis,Robin Woods,2019-06-16
Darin Williams,Cody Mason,2001-09-04
Megan Robinson,Troy Oneill,2016-06-17
Elizabeth Scott,Laurie Parker,1977-07-22
David Barnes,Crystal Jones,2011-09-28
Christopher Singleton,Brendan Flores,2017-08-27
Laurie Parker,Walter Vargas,2008-10-01
Christopher Ballard,Megan Robinson,1980-10-18
Ashley Kelly,Thomas Gibson,1995-06-02
James Garcia,Daniel Morgan,2018-08-14
Johnny Schultz,Jesse Hogan,1990-09-21
Emily Martin,Jessica Hendrix,1999-01-15
Samuel Flores,Briana Turner,2014-01-21
Jay Taylor,Briana Ramos,1994-01-18
Anthony Saunders,Crystal Jones,2010-01-20
Troy Oneill,Sheila Gonzales,1987-12-17
Tara Wilson,Travis Lamb,1995-04-19
Howard Jones,Ryan Garcia,1995-10-31
Crystal Jones,James Powers,1982-08-04
Timothy Baldwin,Jamie Hill,2012-11-18
Larry Flores,Michael Reyes DVM,2021-06-04
Cody Mason,Roger Roberts,1976-08-05
Michael Munoz,Emily Martin,1973-11-15
Michael Griffith,William Mcclure,1978-12-03
Jason Martinez,Kathryn Simon,2006-07-20
Alexander Lowe,Laurie Parker,2018-06-27
Christopher Singleton,Mrs. Jessica Gates,1993-03-03
Katherine Reed,Brady Cabrera,1993-11-22
Lisa Duke,Crystal Escobar,1990-07-29
Brady Cabrera,Mary Frederick,2012-01-27
Aaron Massey,Rachel Miller,1988-02-20
Daniel Morgan,Robert Johnson,1984-11-11
Tina Solis,Jesse Hogan,1976-03-30
Michael Griffith,James Powers,2009-05-09
Ryan Craig,Dr. Michael Wilson MD,1997-04-13
Megan Robinson,Miss Virginia Charles,1977-07-31
Christopher Taylor,Richard Velasquez,2021-07-11
Erin Oconnor,Aaron Solis,2022-02-24
Christopher Morgan,Larry Flores,1981-07-24
Jenna Eaton,Anne Morton,1978-07-04
Eric Klein,Ashley Park,1977-09-10
Emily Hale,Kenneth Stokes,2013-09-19
Kevin Morris,Christopher Ballard,1981-02-05
Jason Davis,Tammy Patel,1997-01-03
Sharon Cabrera,Johnny Schultz,1997-03-19
Danielle Brown,Michael Reyes DVM,2022-11-11
Travis Lamb,Tammy Patel,1979-02-02
Savannah Salazar,Timothy Lynch,2002-07-25
Christopher Taylor,Aaron Solis,2013-09-03
Seth Perkins,Teresa Owen,2014-03-22
Charles Burns,Corey Mccarthy,1983-11-22
Michael Reyes DVM,Andrew Thompson,2006-04-06
Rodney Mack,Devin Jones,1976-12-22
Tiffany Gonzalez,Emily Martin,1982-07-13
Laura Copeland,Jason Davis,1995-03-25
Tara Wilson,Katherine Reed,1984-04-27
Yvonne Tucker,Megan Mora,1980-03-08
Shawn Powers,Ryan Harris,2005-09-28
David Barnes,Jay Taylor,2001-05-15
Jamie Hill,Aaron Solis,2016-01-22
Jill Jordan,Dean Hernandez,1988-06-06
Matthew Medina,Danielle Diaz,1996-05-02
James Lawson,Kenneth Stokes,1989-05-10
Jenna Eaton,Jennifer Evans,2000-09-20
Candice Rowe,Joe Scott,1986-07-13
Anne Morton,Emily Hale,1979-12-07
James Lawson,Erica Chang,2013-07-18
Michael Johnson,Sheila Gonzales,2018-03-10
Beverly Ramirez,Kimberly Tate,2008-08-10
Joseph Deleon,Christopher Valencia,2007-10-24
Tina Solis,Holly Winters,1982-01-31
Ashley Kelly,Barbara Shields,2011-10-23
Erin Oconnor,Matthew Clark,2003-07-02
Benjamin Hinton,Holly Hawkins,1992-01-14
Jennifer Arias,Tina Solis,1975-12-09
Ryan Baird,James Payne,1997-03-02
Cory Grant DDS,Sandra Holder,1976-10-02
Benjamin Hinton,Benjamin Garrison,2010-10-01
Sandra Holder,Linda Arnold,2010-06-07
Angel Murray,Ashley Young,2009-01-02
James Garcia,Kimberly White,2000-06-16
Thomas Gibson,Theodore Kidd,1992-06-24
Joel Valencia,Briana Turner,1973-11-13
Samuel Torres,Daisy Brewer,1995-04-18
Ryan Craig,Timothy Nelson,2009-12-15
Michael Reyes DVM,Deanna Burnett,2019-09-27
Candice Rowe,Mark Washington,1985-05-11
Lisa Duke,Howard Jones,1974-10-02
James Lawson,Cody Lewis,1976-05-18
Christopher Taylor,Brendan Flores,1998-10-04
Jason Martinez,Aaron Massey,1976-02-03
William Hayes,Melanie Simon,2003-02-01
Ryan Baird,Haley Cunningham,2009-10-20
Joe Scott,Mark Washington,1987-07-18
Anne Morton,Holly Hawkins,1995-07-06
Lisa Duke,Kimberly Daniels,2003-03-13
Linda Case,Brian Price,1982-12-18
Elizabeth Scott,Megan Mora,1991-01-29
Pamela Sanchez,Jason Davis,2014-10-13
Timothy Nelson,Teresa Owen,2021-10-25
Robert Harris,Hector Sawyer,2007-08-06
Sharon Cabrera,Jamie Hill,1996-01-23
Savannah Salazar,April Chavez,2003-08-17
Joshua Sullivan,Cory Grant DDS,1993-02-23
Larry Flores,Ashley Park,2011-05-01
Kevin Morris,Jason Davis,2018-04-13
Brian Price,Jason Simon,1993-04-05
Daisy Brewer,Robert Harris,2007-04-05
Hector Sawyer,Emily Martin,1986-04-24
Sandra Holder,Jenna Eaton,2012-04-15
Howard Jones,Theodore Kidd,1983-10-07
Daniel Morgan,Holly Hawkins,2008-06-04
Sharon Cabrera,Andrew Thompson,1986-07-10
Shane Sullivan,Lisa Heath,2000-01-06
Melvin Sloan,Linda Case,1981-08-09
Devin Jones,Candice Rowe,2007-01-02
Kimberly Tate,Megan Mora,2000-09-30
Victoria Martin,Shannon Snyder,1992-07-30
Steven Snyder,Jennifer Evans,2017-12-26
Joseph Deleon,Sarah Holmes,1991-12-15
David Barnes,Hector Sawyer,2001-11-14
Robin Harris,Jason Davis,1999-01-25
Holly Winters,Candice Rowe,2013-02-17
Briana Ramos,Erica Chang,2014-10-13
Matthew Medina,Steven Carr,1990-11-18
Jennifer Arias,Rodney Mack,1986-08-28
Thomas Gibson,Rodney Gray,2012-11-12
Heather Caldwell,David Thompson,1991-01-05
David Thompson,Devin Jones,1998-09-22
Matthew Clark,Mrs. Jessica Gates,1994-11-07
Elizabeth Scott,Michael Munoz,1993-09-14
Linda Sexton,Jason Simon,1980-08-27
Ryan Baird,Cody Mason,2000-01-23
Christopher Singleton,Scott Schmidt,2015-08-22
John Young,Sharon Cabrera,2002-03-12
Megan Mora,Steven Carr,2018-06-23
Kristin Diaz,Ryan Garcia,1990-09-14
Angel Murray,Katherine Reed,2012-01-14
Samuel Flores,Yvonne Tucker,1981-06-07
David Barnes,Ryan Clark,1979-03-24
Joseph Deleon,Rachel Miller,1990-05-17
Daniel Sullivan,Rodney Gray,2011-08-10
Jill Jordan,Christopher Ramirez,1989-08-16
Matthew Medina,Jason Davis,2017-11-10
Shawn Powers,Megan Robinson,1978-05-22
Jennifer Arias,Ashley Kelly,1995-09-01
Linda Arnold,Michael Griffith,2014-10-05
Troy Oneill,Benjamin Garrison,2001-12-17
Sean Gallagher,Joe Scott,2010-10-18
Ryan Harris,Shawn Powers,1991-01-11
Mary Frederick,Madison Curtis,2008-07-16
Cory Grant DDS,Teresa Acosta,1999-02-08
Brady Cabrera,Michael Reyes DVM,2000-12-26
Aaron Solis,Sarah Holmes,2019-09-25
Jacqueline Leach,David Johnson,2007-04-26
Joel Valencia,Jason Martinez,1993-10-25
Kimberly White,Alexander Lowe,2006-12-21
Benjamin Garrison,Jenna Hart,2010-10-22
Jennifer Arias,Roger Roberts,1992-11-27
Darin Williams,April Chavez,1991-12-04
Briana Ramos,Lisa Heath,2010-05-24
Brenda Torres,Teresa Acosta,1989-09-05
Christopher Ramirez,Brendan Flores,1978-01-04
Cory Grant DDS,Eric Klein,1973-12-26
Adam Douglas,Christopher Ramirez,1982-01-19
Pamela Sanchez,Troy Oneill,2008-04-20
Anthony Saunders,Rachel Miller,2007-02-21
Brendan Flores,Briana Turner,1998-10-23
Teresa Acosta,Joseph Blackwell,2000-12-15
Jessica Hendrix,Ashley Park,1983-05-27
Theodore Kidd,Christopher Ramirez,1986-12-28
Hector Sawyer,Heather Caldwell,1989-10-03
Aaron Massey,Steven Snyder,1991-07-14
Devin Jones,Ashley Kelly,2005-05-07
Rodney Mack,Samuel Torres,2021-07-26
Ryan Garcia,Michael Reyes DVM,2021-02-08
Andrew Thompson,Savannah Salazar,1997-01-20
Jennifer Jones,Tiffany Gonzalez,2007-09-05
Jessica Hendrix,Daniel Rosales,2021-03-31
Briana Ramos,Savannah Salazar,2022-09-24
Jill Jordan,Jessica Hendrix,2000-02-03
Christopher Ramirez,Kimberly Daniels,1991-08-25
Sarah Wood,Ryan Garcia,2013-09-17
Joseph Blackwell,Danielle Diaz,1975-11-02
April Chavez,Walter Vargas,1997-01-10
Darin Williams,Christopher Morgan,1984-12-05
Timothy Lynch,Jenna Eaton,2004-11-16
Linda Arnold,Shannon Snyder,2019-08-26
Sheila Gonzales,Holly Hawkins,1997-06-08
Brendan Flores,Tina Solis,2001-07-30
Ashley Park,Christopher Morgan,2016-01-16
Shawn Powers,Michael Reyes DVM,2017-11-16
Nathan Wood,Joe Scott,1976-01-29
Haley Cunningham,Dean Hernandez,1993-12-03
Ian George,Mrs. Jessica Gates,1982-06-25
Daniel Morgan,Barbara Shields,1988-03-14
Sarah Holmes,Brendan Flores,1989-07-17
Jenna Hart,Linda Arnold,1989-12-18
Emily Hale,Briana Ramos,2019-08-17
Robert Harris,Anna Hicks,2013-08-07
Jason Simon,Jared Harvey,2008-03-02
Brenda Torres,Joshua Sullivan,1981-05-22
Sarah Holmes,Christopher Ramirez,2007-09-18
Mark Washington,Christopher Valencia,2003-08-13
Kenneth Stokes,Jennifer Jones,2001-09-26
Robin Harris,Ryan Harris,2015-02-18
Teresa Acosta,Madison Curtis,1986-08-29
Jenna Cantu,Holly Winters,2017-12-21
Christopher Singleton,Samuel Torres,2017-03-21
Holly Winters,Terry Willis,2014-05-05
Jennifer Evans,Jay Taylor,1994-10-17
Timothy Nelson,Jessica Hendrix,1975-12-30
Larry Flores,Matthew Clark,2020-11-09
Deanna Burnett,Ashley Park,2006-09-16
Benjamin Hinton,Christopher Morgan,1986-12-15
Jenna Hart,Seth Perkins,1973-08-14
Alicia Pruitt,Benjamin Hinton,1988-12-23
Robert Gray MD,Ashley Park,1984-02-29
Ryan Harris,Robin Harris,2020-02-18
David Johnson,Samuel Flores,1999-05-04
Erica Chang,Ryan Garcia,1997-11-17
Jonathan Smith,Mrs. Jessica Gates,1975-12-25
Jamie Hill,Corey Mccarthy,1978-10-30
Jenna Eaton,Jennifer Arias,2015-08-16
Elizabeth Scott,Terry Willis,1997-06-21
Johnny Schultz,Steven Carr,1981-06-14
Kimberly White,James Payne,1979-11-26
Christopher Singleton,Dr. John Hart Jr.,2010-04-14
Anthony Saunders,Jason Davis,1982-01-17
Alicia Pruitt,Barbara Shields,1989-04-23
Jonathan Smith,Tiffany Gonzalez,1991-01-14
David Johnson,William Hayes,1976-01-25
Michael Griffith,Jennifer Evans,1983-05-29
Seth Perkins,Hector Sawyer,2001-04-24
Troy Oneill,Melanie Simon,1988-01-01
Devin Jones,Danielle Diaz,2023-06-14
William Mcclure,Ryan Garcia,2023-07-04
Joseph Blackwell,Ashley Park,1988-03-27
Deanna Burnett,Travis Lamb,1991-06-30
Teresa Owen,Jessica Hendrix,1993-02-07
Savannah Dorsey,Dr. Michael Wilson MD,2001-05-02
Shannon Snyder,James Powers,1983-01-07
Robert Harris,Johnny Schultz,1987-04-06
Christopher Valencia,Eric Klein,1974-06-28
Mary Frederick,Jonathan Smith,1996-03-17
Jennifer Evans,Briana Turner,1992-01-16
Daisy Brewer,Howard Jones,1976-02-11
Michael Griffith,Jay Taylor,2001-04-06
Shelley Whitaker,Heidi Sanchez,1985-04-24
John Young,Sarah Holmes,1980-05-11
Devin Jones,Robert Johnson,1974-07-18
Daniel Morgan,Linda Arnold,1978-10-06
David Thompson,Walter Vargas,2014-08-05
Howard Jones,Jesse Hogan,2010-10-20
Joe Scott,Katherine Reed,2001-12-09
Brandon Castillo,Carla Cruz,1973-11-17
Eric Klein,David Thompson,1982-11-19
Nathan Wood,Timothy Nelson,2011-03-05
Shannon Snyder,Robert Johnson,2007-07-16
Holly Winters,Sharon Cabrera,1974-06-26
Tina Solis,Eric Klein,1979-03-17
Pamela Sanchez,Brenda Torres,1974-04-29
Cody Mason,Steven Carr,2018-08-12
Laurie Parker,Robert Gray MD,1992-02-01
Alicia Pruitt,Timothy Nelson,2009-08-23
Melanie Simon,Kristin Diaz,1979-06-08
Amanda Kerr,Johnny Schultz,2016-08-17
Robert Johnson,Brandon Castillo,2016-09-24
Devin Jones,Scott Schmidt,2022-07-01
Timothy Baldwin,James Garcia,1986-11-29
Steven Evans,Jonathan Smith,1975-02-14
Erin Oconnor,Anna Hicks,1995-02-05
William Hayes,Briana Turner,2009-12-07
Briana Ramos,Jennifer Evans,1980-08-08
Nathan Wood,Christopher Morgan,2001-11-04
Robin Woods,Miss Virginia Charles,1986-04-08
Larry Flores,Darin Williams,1981-07-07
Heather Caldwell,Darin Williams,1985-04-22
Kimberly Daniels,Cory Grant DDS,2013-07-16
Ryan Clark,Ashley Park,1980-12-12
Andrew Thompson,Jennifer Evans,2013-06-03
Jason Simon,Heather Caldwell,2018-01-27
Danielle Brown,Kimberly Daniels,1983-11-13
Shane Sullivan,Tiffany Gonzalez,1995-09-28
Benjamin Garrison,Danielle Diaz,1994-09-24
Matthew Clark,Holly Winters,1986-02-15
Jacqueline Leach,Linda Sexton,2004-07-31
William Hayes,Mary Frederick,1998-02-26
Kevin Morris,Pamela Sanchez,2007-09-05
Alexander Lowe,Ashley Young,1979-07-01
Johnny Schultz,Devin Jones,1974-10-16
Erin Oconnor,Shane Sullivan,1978-06-06
William Mcclure,Travis Lamb,2018-05-17
Michael Johnson,Mary Frederick,1974-08-08
Anne Morton,Lisa Heath,2005-11-25
Christopher Valencia,Robert Harris,2011-10-25
Steven Snyder,Michael Johnson,1974-02-13
Michael Reyes DVM,Rodney Gray,2009-09-20
Jonathan Smith,Briana Turner,2002-08-21
Laura Copeland,Travis Lamb,2015-10-17
Jared Harvey,Briana Turner,2022-03-09
Timothy Lynch,Savannah Salazar,1974-04-12
Rachel Miller,Roger Roberts,2013-09-23
James Garcia,Sean Gallagher,2023-06-29
Jared Harvey,Mary Frederick,1984-07-30
Sandra Holder,Daisy Brewer,2017-04-17
Walter Vargas,Ryan Baird,1977-07-07
Victoria Martin,Brenda Torres,1982-09-05
Brian Price,Kenneth Stokes,1988-02-16
Charles Burns,Brady Cabrera,2020-07-31
Shawn Powers,Timothy Nelson,1992-09-22
Teresa Owen,Ashley Park,1991-12-09
Beverly Ramirez,Teresa Acosta,2009-12-28
Jenna Hart,Benjamin Hinton,2014-06-01
Christopher Ballard,Charles Lucas,2022-02-15
Crystal Escobar,Jay Taylor,1998-08-25
Darin Williams,Mark Washington,2020-01-06
Laura Copeland,Amanda Kerr,2020-02-13
Kevin Morris,Daniel Rosales,1987-07-12
Ryan Craig,Matthew Clark,1979-06-19
Holly Winters,Joel Valencia,1997-10-04
Joshua Sullivan,Johnny Schultz,2008-11-01
Kimberly White,Mark Washington,2003-06-16
Joseph Blackwell,Jay Taylor,1976-10-27
Benjamin Hinton,Erin Oconnor,2009-09-11
Barbara Coleman,Benjamin Hinton,1978-10-17
Shelley Whitaker,James Lawson,1977-07-25
Carla Cruz,Erin Oconnor,1985-11-22
David Thompson,James Payne,2004-11-09
Linda Sexton,Jennifer Jones,1996-01-12
Teresa Acosta,Ryan Clark,2021-03-30
Tina Solis,Jessica Hendrix,1974-11-12
Barbara Shields,Kelly Fox,2004-09-19
Troy Oneill,Walter Vargas,1990-11-02
Ashley Young,Jared Harvey,2011-10-05
Daniel Rosales,Katherine Reed,1985-12-28
Erin Oconnor,Crystal Jones,2016-05-01
Briana Ramos,Thomas Gibson,2014-02-12
Laura Copeland,Christopher Taylor,2018-09-17
Danielle Diaz,Tanya Gomez,1979-12-01
Richard Velasquez,James Payne,2018-07-07
Ashley Park,Shelley Whitaker,1993-10-28
Jim Kirby,Cody Lewis,2013-05-10
Linda Arnold,Anna Hicks,2002-08-12
Tina Solis,Andrew Thompson,1987-05-24
Leslie Price,Holly Hawkins,2008-06-27
Ryan Baird,Jason Davis,2022-07-04
Mrs. Jessica Gates,David Johnson,2016-10-21
Ryan Harris,Laura Copeland,1997-12-16
Savannah Salazar,Matthew Clark,2006-06-25
Kristin Diaz,Christopher Ramirez,1990-07-04
Johnny Schultz,Amanda Kerr,1976-09-03
Tammy Patel,Laurie Parker,2015-10-31
Matthew Medina,Dr. Michael Wilson MD,2022-02-12
Steven Carr,Jenna Hart,2013-03-07
Matthew Clark,Rodney Gray,1977-08-05
Jeffrey Lutz,Robert Harris,1988-05-02
Heather Caldwell,Mark Washington,2000-06-09
Jamie Hill,Mark Washington,1982-04-21
John Young,Sarah Holmes,2001-12-19
Kelly Fox,Amanda Kerr,1995-12-28
Charles Burns,William Hayes,2013-11-12
Victoria Martin,Donald Lopez,2015-03-27
Haley Cunningham,Martin Sullivan,2007-01-05
Cody Lewis,Christopher Ramirez,2001-06-01
Leslie Price,Shane Sullivan,2000-08-22
Matthew Clark,James Lawson,1984-12-31
Teresa Acosta,Martin Sullivan,1987-02-13
Miss Virginia Charles,Christopher Morgan,2019-01-16
Seth Perkins,Emily Hale,1974-06-12
Kristin Diaz,Ryan Garcia,1998-09-28
Katherine Reed,Christopher Ballard,2005-01-23
Kimberly Daniels,Shannon Snyder,2008-04-03
Howard Jones,Jim Kirby,1981-09-05
Jonathan Smith,James Lawson,1994-03-25
Joe Scott,Lisa Duke,1995-12-13
Robert Gray MD,Lisa Heath,2001-04-20
Alicia Pruitt,Mark Washington,1987-12-09
Joel Valencia,Zachary Schmidt,1991-06-30
Steven Snyder,Tara Wilson,2012-06-02
Michael Munoz,Sharon Cabrera,2014-11-14
Jeffrey Lutz,Robert Johnson,1974-02-20
Robin Woods,Lisa Brown,2000-01-24
Barbara Coleman,Sarah Holmes,1989-05-01
Jonathan Smith,April Chavez,1989-06-14
Leslie Price,Melanie Simon,2020-02-24
Martin Sullivan,Kathryn Simon,1987-09-24
Jeffrey Lutz,Linda Arnold,1976-10-19
Aaron Solis,Jesse Hogan,1985-06-07
Donald Lopez,Kelly Fox,2011-07-07
Laurie Parker,Amanda Kerr,1992-10-23
Robin Woods,Shane Sullivan,1974-01-18
Ryan Craig,Jason Davis,1993-07-02
Joseph Blackwell,Aaron Solis,1993-02-09
Teresa Acosta,Jason Martinez,1997-08-26
Corey Mccarthy,Anthony Saunders,1998-03-01
Rodney Mack,Angel Murray,1983-07-31
Heidi Sanchez,Peggy Kerr,2012-01-29
Kevin Morris,Thomas Gibson,1980-12-20
Darin Williams,Danielle Diaz,1980-05-13
Linda Arnold,Linda Case,1997-11-07
Shane Sullivan,David Thompson,2016-02-12
Michael Munoz,Elizabeth Scott,2012-01-25
Christopher Valencia,Cody Lewis,1992-07-25
Ian George,Kelly Fox,1995-03-16
Larry Flores,Kathryn Simon,1983-06-10
Matthew Clark,Heidi Sanchez,1997-02-23
Dr. Michael Wilson MD,Timothy Nelson,1981-09-08
Lisa Duke,Briana Turner,1984-08-16
Barbara Coleman,Victoria Martin,1993-06-09
Miss Virginia Charles,Heidi Sanchez,1999-10-16
Christopher Ballard,Nathan Wood,2023-02-04
Victoria Martin,Shelley Whitaker,1983-08-09
Robin Harris,April Chavez,1975-06-12
Barbara Coleman,Savannah Salazar,2012-06-16
Theodore Kidd,Michael Munoz,2008-06-10
Corey Mccarthy,Aaron Solis,2020-12-20
Ryan Clark,Jesse Hogan,1998-10-19
Samuel Torres,Megan Mora,2010-09-17
Mark Washington,Dr. Michael Wilson MD,1976-04-02
Kevin Morris,Seth Perkins,2013-10-14
Steven Evans,Charles Lucas,1973-10-27
Emily Martin,Matthew Medina,1980-10-31
Christopher Valencia,Charles Lucas,2003-01-10
Mark Washington,Robert Harris,2022-01-01
Zachary Schmidt,Brady Cabrera,2004-04-12
Hector Sawyer,Thomas Gibson,1976-09-17
Daniel Sullivan,Laura Copeland,1976-07-05
Anne Morton,Ryan Craig,1989-01-12
Hector Sawyer,Dr. John Hart Jr.,1996-08-26
Christopher Ramirez,Michael Johnson,2000-03-21
Angel Murray,Mark Washington,2006-06-14
Briana Ramos,Briana Turner,1980-11-02
Rodney Mack,Eric Klein,2009-01-23
Jamie Hill,David Barnes,2005-11-25
Michael Griffith,Angel Murray,2003-04-15
Emma Wise,Jennifer Jones,1990-08-19
Christopher Singleton,Terry Willis,1986-06-03
Shannon Snyder,Ashley Park,2012-07-24
Timothy Lynch,Elizabeth Scott,1988-06-14
Heidi Sanchez,Walter Vargas,2019-05-02
Robin Harris,Elizabeth Scott,1993-10-11
Jacqueline Leach,Jenna Hart,2001-01-10
Crystal Escobar,Robin Harris,1983-09-14
Alicia Pruitt,Barbara Coleman,1980-03-15
Jill Jordan,Ryan Baird,1975-07-05
Eric Klein,Ryan Garcia,2023-03-30
Robert Gray MD,Mrs. Jessica Gates,2010-02-21
Joe Scott,Andrew Thompson,2019-11-01
Michael Griffith,Crystal Escobar,1992-11-09
Brady Cabrera,Danielle Diaz,1999-02-11
Briana Ramos,Steven Snyder,1980-07-02
Richard Velasquez,Jamie Hill,1993-06-24
Heidi Sanchez,Heather Caldwell,2010-01-11
Alexander Lowe,Travis Lamb,1994-02-01
Pamela Sanchez,Christopher Valencia,1994-05-06
Joel Valencia,Robin Woods,1978-09-12
Johnny Schultz,Donald Lopez,1987-05-01
Richard Velasquez,Daisy Brewer,1981-05-14
Jill Jordan,Robert Gray MD,2010-11-29
David Barnes,Melvin Sloan,1995-10-29
Brandon Castillo,Heidi Sanchez,1989-04-09
Victoria Martin,Brendan Flores,1983-06-07
Rodney Mack,Nathan Wood,1997-11-10
Aaron Solis,Sherri Melendez,2007-10-24
James Powers,Emily Hale,2004-05-29
Daisy Brewer,Carla Cruz,1990-02-09
Megan Robinson,Steven Snyder,1977-09-08
Tina Solis,Steven Snyder,1990-10-10
Jamie Hill,Cody Lewis,2014-01-22
Benjamin Garrison,Jeffrey Lutz,1978-11-07
Walter Vargas,Holly Hawkins,1988-03-29
Thomas Gibson,Michael Johnson,1981-11-11
Jennifer Jones,Joel Valencia,1987-10-11
James Lawson,John Young,2018-11-11
Robert Johnson,Christopher Taylor,1996-04-12
Tanya Gomez,Lisa Duke,1983-11-28
Laurie Parker,Jim Kirby,1984-02-23
Richard Velasquez,Alexa Blankenship,1984-04-17
Larry Flores,Howard Jones,1980-10-11
Christopher Taylor,Steven Carr,1986-01-30
Emily Martin,Charles Lucas,2011-09-22
Carla Cruz,Shannon Snyder,2014-09-22
Heidi Sanchez,Crystal Escobar,1973-09-27
Matthew Medina,Joel Valencia,1980-07-09
Savannah Salazar,Joseph Deleon,1998-06-13
Steven Snyder,Dr. Michael Wilson MD,2002-08-13
Larry Flores,Leslie Price,2001-09-13
Jeffrey Lutz,Crystal Jones,1978-06-29
Cody Mason,Kimberly Daniels,1988-08-26
Melvin Sloan,Matthew Medina,2023-04-28
Danielle Brown,Ryan Harris,2002-08-25
Brendan Flores,Brady Cabrera,2001-12-09
Jason Martinez,Haley Cunningham,2011-08-17
Johnny Schultz,Kimberly White,1985-01-02
Brendan Flores,Ryan Baird,2011-03-20
Crystal Escobar,William Mcclure,1987-09-06
Heidi Sanchez,Travis Lamb,2015-08-18
Emma Wise,Brenda Torres,1999-12-21
Robert Harris,Samuel Torres,2002-05-16
Jessica Hendrix,John Young,1991-07-28
Eric Klein,Alexa Blankenship,1997-11-03
Holly Winters,Savannah Salazar,1977-08-21
David Barnes,Corey Mccarthy,1977-02-03
Holly Hawkins,Beverly Ramirez,1993-01-23
Sarah Wood,Richard Velasquez,2006-08-17
Tina Solis,Elizabeth Scott,2019-04-23
Carla Cruz,Joe Scott,1974-12-06
James Garcia,Tanya Gomez,2000-04-26
Jenna Eaton,Joshua Sullivan,1988-05-29
Megan Robinson,Tara Wilson,2006-02-12
Ashley Kelly,Jessica Hendrix,1994-01-03
Candice Rowe,Thomas Gibson,1983-06-10
Shelley Whitaker,Haley Cunningham,2002-07-27
Devin Jones,Cody Mason,2001-11-13
David Thompson,Kimberly White,1986-07-15
Carla Cruz,Ryan Garcia,1998-01-05
Jennifer Evans,Daisy Brewer,2008-07-27
Anne Morton,Jesse Hogan,1995-08-15
Tanya Gomez,Emily Hale,2002-01-09
David Barnes,Robert Harris,1992-10-15
Sherri Melendez,Christopher Valencia,1976-12-15
Jenna Hart,Briana Turner,2008-02-26
Sean Gallagher,Robert Johnson,1973-12-08
Christopher Ramirez,Sherri Melendez,1982-08-03
Teresa Owen,Linda Arnold,1982-08-21
Crystal Escobar,Travis Lamb,2019-05-02
Brendan Flores,Steven Snyder,2023-02-25
Emily Martin,Joel Valencia,2015-10-16
Brian Price,Sharon Cabrera,1998-08-31
Alicia Pruitt,Pamela Sanchez,2008-06-15
Sandra Holder,Aaron Solis,1980-04-08
Johnny Schultz,Terry Willis,1989-07-03
Brenda Torres,Shelley Whitaker,2002-05-22
Timothy Lynch,Devin Jones,1993-11-30
Mrs. Jessica Gates,Nathan Wood,1985-06-29
Timothy Lynch,Ashley Young,1986-11-25
Pamela Sanchez,Aaron Massey,2009-10-17
Savannah Salazar,Teresa Acosta,1987-08-16
Ashley Young,Leslie Price,1982-08-26
Brendan Flores,Jesse Hogan,1978-02-13
Ryan Garcia,Scott Schmidt,2003-01-14
Joseph Deleon,Candice Rowe,2010-10-31
David Thompson,Laura Copeland,1980-05-11
Kenneth Stokes,Jacqueline Leach,1995-04-15
Ryan Baird,Erin Oconnor,2000-07-30
Shannon Snyder,Brandon Castillo,2005-01-30
Kimberly Daniels,Jenna Eaton,1991-06-26
Christopher Morgan,Kristin Diaz,1990-11-26
Jason Simon,Shannon Snyder,1998-03-15
Jennifer Jones,Cody Mason,1984-09-12
Rebecca Roberts,Walter Vargas,1986-03-01
Emily Martin,Christopher Taylor,2012-01-13
Devin Jones,Tammy Patel,2002-12-28
Samuel Flores,Corey Mccarthy,2011-09-18
Linda Sexton,Rachel Miller,1990-11-26
Mark Washington,Benjamin Hinton,2012-02-22
Daniel Sullivan,Scott Schmidt,1993-08-08
Timothy Nelson,Christopher Morgan,2020-04-07
Christopher Morgan,Miss Virginia Charles,2006-05-30
Brandon Castillo,Kathryn Simon,2016-02-27
Kimberly Tate,William Hayes,2007-04-20
Robert Johnson,Madison Curtis,2004-06-12
Jennifer Evans,Jared Harvey,1991-06-12
Johnny Schultz,Barbara Shields,1995-02-25
Terry Willis,Deanna Burnett,1990-03-21
Joshua Sullivan,Alexander Lowe,2006-12-24
Miss Virginia Charles,Sean Gallagher,2003-05-12
Joseph Blackwell,Alicia Pruitt,2008-04-20
Deanna Burnett,Jeffrey Lutz,2018-02-10
Katherine Reed,Robin Harris,1990-03-05
Teresa Acosta,Briana Ramos,2000-07-27
Sherri Melendez,Nathan Wood,1983-02-13
James Payne,Matthew Medina,2014-12-24
Madison Curtis,Barbara Coleman,2017-11-28
Zachary Schmidt,Matthew Clark,2013-06-25
Melanie Simon,Matthew Clark,1981-02-12
Robert Harris,Andrew Thompson,2017-12-25
Lisa Duke,Emily Martin,2021-08-06
Tiffany Gonzalez,Crystal Jones,1976-07-31
Tanya Gomez,Rebecca Roberts,1975-12-24
Adam Douglas,Kenneth Stokes,1979-05-24
Jill Jordan,William Mcclure,1996-10-29
Joel Valencia,Tara Wilson,1996-05-24
Darin Williams,Barbara Coleman,2006-02-07
Samuel Flores,Brady Cabrera,1988-06-15
Holly Winters,Jason Simon,1986-05-04
Aaron Solis,Sherri Melendez,2010-02-05
Samuel Flores,Jessica Hendrix,2011-03-25
Steven Snyder,Jonathan Smith,2015-07-21
Daniel Morgan,Andrew Thompson,1998-02-25
Brenda Torres,Shane Sullivan,1996-02-14
Adam Douglas,David Barnes,1977-09-28
Jason Simon,Brady Cabrera,2003-09-12
James Powers,David Barnes,2003-05-19
Timothy Baldwin,Peggy Kerr,2002-04-04
Sarah Wood,Sandra Holder,2004-05-22
Cody Mason,Jennifer Jones,1983-06-04
April Chavez,Haley Cunningham,1980-12-15
Jeffrey Lutz,Teresa Owen,2008-08-18
Joe Scott,Holly Winters,2018-01-04
James Payne,Kimberly Daniels,1978-06-30
Ryan Garcia,Amanda Kerr,1993-05-20
Ryan Garcia,Brady Cabrera,2018-11-10
Carla Cruz,Heather Caldwell,1994-06-29
William Mcclure,Michael Munoz,2004-12-06
Christopher Ballard,Charles Burns,1976-06-30
Robin Woods,Alicia Pruitt,2002-07-11
Howard Jones,Kevin Morris,2002-01-24
Jesse Hogan,Jason Simon,2018-01-07
Kenneth Stokes,Christopher Morgan,2008-09-07
Joe Scott,Samuel Flores,1983-05-17
Deanna Burnett,Alexander Lowe,2017-04-16
Briana Ramos,Sarah Wood,1982-05-02
Jennifer Arias,Samuel Torres,2018-07-05
Timothy Baldwin,Brian Price,2015-12-07
Joel Valencia,Megan Mora,1993-07-29
Rachel Miller,Christopher Ramirez,2016-03-24
Brady Cabrera,Crystal Escobar,2014-09-28
Rachel Miller,Erin Oconnor,2005-05-11
Ian George,Robert Gray MD,1986-05-01
Anna Hicks,Larry Flores,1986-06-17
Christopher Ramirez,Jennifer Evans,1995-05-07
Emily Martin,Walter Vargas,2010-03-12
Miss Virginia Charles,James Garcia,1995-08-05
Benjamin Garrison,Terry Willis,1981-05-18
Walter Vargas,Jessica Hendrix,2015-05-17
Miss Virginia Charles,Sharon Cabrera,1988-10-10
Terry Willis,Howard Jones,2001-11-02
Pamela Sanchez,Ryan Baird,2004-08-04
Devin Jones,Corey Mccarthy,1999-11-16
Charles Lucas,Jennifer Jones,2002-02-16
Ashley Park,Miss Virginia Charles,1977-03-22
Beverly Ramirez,Mary Frederick,2010-10-22
Troy Oneill,Kenneth Stokes,2017-10-30
Anna Hicks,Zachary Schmidt,1988-06-29
Nathan Wood,Carla Cruz,2023-01-03
Victoria Martin,Holly Hawkins,1978-08-07
Mary Frederick,Dr. John Hart Jr.,2004-04-01
Linda Sexton,Heather Caldwell,2019-07-23
Kimberly Tate,Shannon Snyder,2021-12-12
Sarah Wood,Cory Grant DDS,2018-10-28
Michael Munoz,Teresa Acosta,2023-04-11
Timothy Nelson,Tina Solis,1979-05-01
Daniel Sullivan,Peggy Kerr,2008-05-16
Alexa Blankenship,Savannah Salazar,1997-12-29
Cody Mason,Brenda Torres,1975-08-28
Jenna Hart,Samuel Flores,1975-02-12
Jason Martinez,Jim Kirby,2017-09-30
Timothy Baldwin,Larry Flores,2014-05-02
Christopher Ramirez,Dean Hernandez,2009-04-04
Brenda Torres,Shannon Snyder,2015-06-13
Jessica Hendrix,Shelley Whitaker,1994-06-15
Ashley Young,Jesse Hogan,2000-11-13
Crystal Jones,Brenda Torres,2013-08-07
Joel Valencia,Melvin Sloan,2011-09-02
Pamela Sanchez,Tara Wilson,1978-12-03
Mark Washington,David Barnes,1982-11-15
Jessica Hendrix,Lisa Duke,1996-02-13
Dr. John Hart Jr.,Peggy Kerr,2022-06-19
Yvonne Tucker,Robert Harris,1979-05-03
Linda Arnold,James Lawson,1987-03-25
Benjamin Hinton,Tiffany Gonzalez,2000-12-25
Daniel Sullivan,William Mcclure,1995-08-20
Samuel Torres,Brady Cabrera,1996-12-24
Jonathan Smith,Ryan Craig,1989-08-11
Terry Willis,Joseph Deleon,1983-11-07
Christopher Ramirez,Walter Vargas,2007-02-22
James Payne,Devin Jones,2002-01-06
Anthony Saunders,Anne Morton,1980-03-16
Anthony Saunders,Anne Morton,2023-07-06
Benjamin Garrison,Charles Lucas,2011-05-24
Ryan Baird,Daniel Morgan,1984-01-21
Rodney Mack,Haley Cunningham,1995-03-25
Pamela Sanchez,Matthew Clark,1983-09-24
Hector Sawyer,Rodney Mack,2012-08-17
Shawn Powers,Ryan Garcia,1988-09-02
Laura Copeland,Elizabeth Scott,2004-09-18
Michael Johnson,Kimberly Tate,1987-01-20
Daniel Sullivan,Christopher Ballard,2005-03-16
Brenda Torres,Jenna Cantu,2002-08-05
Ryan Garcia,Jennifer Jones,1983-12-02
Victoria Martin,Teresa Acosta,2012-05-17
Katherine Reed,Daniel Sullivan,1992-08-10
Megan Mora,Emma Wise,2000-12-26
